{"chunk_definitions":[{"row":11,"row_count":1,"visible":true,"expansion_state":0,"options":{"engine":"r","include":false,"label":"unnamed-chunk-1","dev":"png"},"document_id":"6E3E7755","chunk_id":"cn016e62slu6y","chunk_label":"unnamed-chunk-1"},{"row":34,"row_count":1,"visible":true,"expansion_state":0,"options":{"engine":"r","label":"unnamed-chunk-2","dev":"png"},"document_id":"6E3E7755","chunk_id":"cca17lqe2nqb8","chunk_label":"unnamed-chunk-2"},{"row":57,"row_count":1,"visible":true,"expansion_state":0,"options":{"engine":"r","label":"unnamed-chunk-3","dev":"png"},"document_id":"6E3E7755","chunk_id":"cc1jgu92t7gsx","chunk_label":"unnamed-chunk-3"},{"row":68,"row_count":1,"visible":true,"expansion_state":0,"options":{"engine":"r","label":"unnamed-chunk-4","dev":"png"},"document_id":"6E3E7755","chunk_id":"cbbp8japouy97","chunk_label":"unnamed-chunk-4"},{"row":78,"row_count":1,"visible":true,"expansion_state":0,"options":{"engine":"r","label":"unnamed-chunk-5","dev":"png"},"document_id":"6E3E7755","chunk_id":"c4ioku760bihb","chunk_label":"unnamed-chunk-5"},{"row":89,"row_count":1,"visible":true,"expansion_state":0,"options":{"engine":"r","label":"unnamed-chunk-6","dev":"png"},"document_id":"6E3E7755","chunk_id":"cymzy3kgc2yn4","chunk_label":"unnamed-chunk-6"},{"row":99,"row_count":1,"visible":true,"expansion_state":0,"options":{"engine":"r","label":"unnamed-chunk-7","dev":"png"},"document_id":"6E3E7755","chunk_id":"cefl7hsvwc1q7","chunk_label":"unnamed-chunk-7"},{"row":109,"row_count":1,"visible":true,"expansion_state":0,"options":{"engine":"r","label":"unnamed-chunk-8","dev":"png"},"document_id":"6E3E7755","chunk_id":"cqcfy0ww626d8","chunk_label":"unnamed-chunk-8"}],"doc_write_time":1746477764,"chunk_rendered_width":700}