{"chunk_definitions":[{"chunk_id":"cbdmio3kfy8gg","expansion_state":0,"options":[],"row":22,"row_count":1,"visible":true},{"chunk_id":"cck4xh2ovcfut","expansion_state":0,"options":[],"row":28,"row_count":1,"visible":true},{"chunk_id":"ch2ocp7lrhyng","expansion_state":0,"options":[],"row":76,"row_count":1,"visible":true},{"chunk_id":"cc1izmwh14euk","expansion_state":0,"options":[],"row":90,"row_count":1,"visible":true},{"chunk_id":"cd85dydopqula","expansion_state":0,"options":[],"row":105,"row_count":1,"visible":true},{"chunk_id":"clxrevpz1goud","expansion_state":0,"options":[],"row":121,"row_count":1,"visible":true},{"chunk_id":"cvl24onn181rs","expansion_state":0,"options":[],"row":137,"row_count":1,"visible":true},{"chunk_id":"cvixaheihmnsu","expansion_state":0,"options":[],"row":152,"row_count":1,"visible":true},{"chunk_id":"cb42zvhvy18mr","expansion_state":0,"options":[],"row":167,"row_count":1,"visible":true}],"doc_write_time":1740172752.82333}
