"0","```r
nhanes.2012.clean <- nhanes.2012 %>% 
  mutate(INDHHIN2 = na_if(x = INDHHIN2,77)) %>%
  mutate(INDHHIN2 = na_if(x = INDHHIN2, 99)) %>% 
  mutate(INDHHIN2 =recode_factor(.x = INDHHIN2,
 `1` = \"$0 to $4,999\",
 `2` = \"$5,000 to $9,999\",
 `3` = \"$10,000 to $14,999\",
 `4` = \"$15,000 to $19,999\",
 `5` = \"$20,000 to $24,999\",
 `6` = \"$25,000 to $34,999\",
 `7` = \"$35,000 to $44,999\",
 `8` = \"$45,000 to $54,999\",
 `9` = \"$55,000 to $64,999\",  
 `10` = \"$65,000 to $74,999\",
 `12` = \"$20,000 and Over\",
 `13` = \"Under $20,000\",
 `14` = \"$75,000 to $99,999\",
 `15` = \"$100,000 and Over\")) %>%
  mutate(DMDMARTL = na_if(x = DMDMARTL, 77)) %>%
  mutate(DMDMARTL = na_if(x = DMDMARTL, 99)) %>% 
  mutate(DMDMARTL = recode_factor(.x = DMDMARTL,
 `1` = \"Married\",
 `2` = \"Widowed\",
 `3` = \"Divorced\",
 `4` = \"Separated\",
 `5` = \"Never married\",
 `6` = \"Living with partner\")) %>%
  mutate(RIDRETH3 = recode_factor(.x = RIDRETH3, `1` = \"Mexican American\",
 `2` = \"Other Hispanic\",
 `3` = \"Non-Hispanic White\",
 `4` = \"Non-Hispanic Black\",
 `6` = \"Non-Hispanic Asian\",
 `7` = \"Other Race - Including Multi-Racial\")) %>%
  mutate(AUQ300 = na_if(x = AUQ300, y = 7)) %>%
  mutate(AUQ300 = recode_factor(.x = AUQ300,
 `1` = 'Yes',
 `2` = 'No')) %>%
  rename(gun.use = AUQ300) %>%
  rename(race.eth = RIDRETH3) %>%
  rename(income = INDHHIN2) %>%
  rename(marital = DMDMARTL) %>%
  select(gun.use, race.eth, income, marital)

# check recoding 
summary(object = nhanes.2012.clean)
```"
"1"," gun.use                                    race.eth                   income                    marital    
 Yes :1613   Mexican American                   :1264   $100,000 and Over :1451   Married            :2683  
 No  :3061   Other Hispanic                     :1032   $25,000 to $34,999:1061   Widowed            : 467  
 NA's:4690   Non-Hispanic White                 :2860   $35,000 to $44,999: 884   Divorced           : 571  
             Non-Hispanic Black                 :2588   $75,000 to $99,999: 769   Separated          : 204  
             Non-Hispanic Asian                 :1257   $20,000 to $24,999: 757   Never married      :1188  
             Other Race - Including Multi-Racial: 363   (Other)           :3962   Living with partner: 440  
                                                        NA's              : 480   NA's               :3811  
"
